"UAL","study","age_ref","region","core","depth_mbsf","temp_C","taxon","n_used","n_rejected","age_ka","DL_Asp","SD_Asp","DL_Glu","SD_Glu","hydrolysis_normalized"
"23158","Hunt 2023","Williams et al. 2019; Arney 2025","Southern Ocean","PC493",2.805,0.5,"Neogloboquadrina",9,1,785,0.478,0.036,0.267,0.039,FALSE
"23165","Hunt 2023","Williams et al. 2019; Arney 2025","Southern Ocean","PC493",0.025,0.5,"Neogloboquadrina",9,1,7,0.148,0.015,0.063,0.007,FALSE
"23044, 23140","Hunt 2023","Williams et al. 2019; Arney 2025","Southern Ocean","PC493",0.555,0.5,"Neogloboquadrina",12,7,115,0.242,0.008,0.093,0.009,FALSE
"23045, 23156, 23590","Hunt 2023","Williams et al. 2019; Arney 2025","Southern Ocean","PC493",1.615,0.5,"Neogloboquadrina",24,6,401,0.404,0.03,0.203,0.029,FALSE
"23046, 23157","Hunt 2023","Williams et al. 2019; Arney 2025","Southern Ocean","PC493",2.045,0.5,"Neogloboquadrina",17,3,602,0.442,0.021,0.241,0.023,FALSE
"23166, 23167","Hunt 2023","Williams et al. 2019; Arney 2025","Southern Ocean","PC493",3.255,0.5,"Neogloboquadrina",29,14,915,0.51,0.05,0.322,0.053,FALSE
"23499","Hunt 2023","Hillenbrand et al. 2002","Southern Ocean","PS2551-1",10.55,0.1,"Neogloboquadrina",5,4,681,0.508,0.007,0.296,0.009,FALSE
"23503","Hunt 2023","Hillenbrand et al. 2002","Southern Ocean","PS2551-1",7.68,0.1,"Neogloboquadrina",7,3,304,0.428,0.006,0.224,0.011,FALSE
"23504","Hunt 2023","Hillenbrand et al. 2002","Southern Ocean","PS2551-1",3.7,0.1,"Neogloboquadrina",7,3,102,0.235,0.015,0.088,0.012,FALSE
"23506","Hunt 2023","Hillenbrand et al. 2002","Southern Ocean","PS2551-1",0.1,0.1,"Neogloboquadrina",3,7,9,0.134,0.01,0.05,0.005,FALSE
"23498","Hunt 2023","Hillenbrand et al. 2002","Southern Ocean","PS2551-1",6.97,0.1,"Neogloboquadrina",4,6,210,0.364,0.008,0.161,0.008,FALSE
"23497","Hunt 2023","Hillenbrand et al. 2002","Southern Ocean","PS2551-1",8.68,0.1,"Neogloboquadrina",2,7,480,0.454,0.02,0.25,0.007,FALSE
"23234","Hunt 2023","Hillenbrand et al. 2021","Southern Ocean","PC734",11.19,0.1,"Neogloboquadrina",7,3,101,0.296,0.02,0.119,0.019,FALSE
"23232, 23492","Hunt 2023","Hillenbrand et al. 2021","Southern Ocean","PC723",8.9,0.1,"Neogloboquadrina",13,7,235,0.346,0.04,0.155,0.037,FALSE
"23233, 23491","Hunt 2023","Hillenbrand et al. 2021","Southern Ocean","PC723",5.48,0.1,"Neogloboquadrina",14,6,113,0.269,0.011,0.103,0.006,FALSE
"23505","Hunt 2023","Hillenbrand et al. 2021","Southern Ocean","PS2556-2",8.08,0.1,"Neogloboquadrina",2,6,228,0.335,0.027,0.165,0.022,FALSE
"21676, 21702","Smith 2022","Risebrobakken et al. 2005","Nordic Seas","MD99-2304",22.405,-0.8,"Neogloboquadrina",10,4,120,0.295,0.034,0.108,0.023,FALSE
"21677, 21703","Smith 2022","Risebrobakken et al. 2005","Nordic Seas","MD99-2304",22.525,-0.8,"Neogloboquadrina",11,5,123,0.321,0.011,0.128,0.011,FALSE
"22732","West et al. 2023; Smith 2022","Bauch 2002, 2013","Nordic Seas","PS17 / 1906-2",0.15,-1,"Neogloboquadrina",12,3,10,0.13,0.005,0.065,0.002,FALSE
"22733","West et al. 2023; Smith 2022","Bauch 2002, 2013","Nordic Seas","PS17 / 1906-2",1.81,-1,"Neogloboquadrina",17,0,85,0.263,0.008,0.111,0.008,FALSE
"22734","West et al. 2023; Smith 2022","Bauch 2002, 2013","Nordic Seas","PS17 / 1906-2",2.01,-1,"Neogloboquadrina",12,0,111,0.306,0.006,0.138,0.005,FALSE
"22735","West et al. 2023; Smith 2022","Bauch 2002, 2013","Nordic Seas","PS17 / 1906-2",2.11,-1,"Neogloboquadrina",12,4,117,0.312,0.01,0.141,0.009,FALSE
"22736","West et al. 2023; Smith 2022","Bauch 2002, 2013","Nordic Seas","PS17 / 1906-2",2.21,-1,"Neogloboquadrina",12,3,122,0.331,0.032,0.156,0.028,FALSE
"22737","West et al. 2023; Smith 2022","Bauch 2002, 2013","Nordic Seas","PS17 / 1906-2",3.29,-1,"Neogloboquadrina",8,1,207,0.338,0.017,0.168,0.011,FALSE
"22738","West et al. 2023; Smith 2022","Bauch 2002, 2013","Nordic Seas","PS17 / 1906-2",3.61,-1,"Neogloboquadrina",12,2,225,0.355,0.01,0.178,0.01,FALSE
"22739","West et al. 2023; Smith 2022","Bauch 2002, 2013","Nordic Seas","PS17 / 1906-2",5.51,-1,"Neogloboquadrina",5,1,398,0.439,0.03,0.227,0.036,FALSE
"22745","West et al. 2023","Jansen et al. 2000a, b","Nordic Seas","ODP151/ 907A",1.05,-0.8,"Neogloboquadrina",15,2,42,0.2,0.008,0.082,0.007,FALSE
"22746","West et al. 2023","Jansen et al. 2000a, b","Nordic Seas","ODP151/ 907A",1.87,-0.8,"Neogloboquadrina",13,2,107,0.281,0.005,0.114,0.003,FALSE
"22747","West et al. 2023","Jansen et al. 2000a, b","Nordic Seas","ODP151/ 907A",2.35,-0.8,"Neogloboquadrina",18,2,131,0.323,0.012,0.145,0.009,FALSE
"22748","West et al. 2023","Jansen et al. 2000a, b","Nordic Seas","ODP151/ 907A",3.06,-0.8,"Neogloboquadrina",15,0,168,0.355,0.011,0.171,0.009,FALSE
"22749","West et al. 2023","Jansen et al. 2000a, b","Nordic Seas","ODP151/ 907A",5.06,-0.8,"Neogloboquadrina",17,2,309,0.395,0.016,0.192,0.014,FALSE
"22750","West et al. 2023","Jansen et al. 2000a, b","Nordic Seas","ODP151/ 907A",6.81,-0.8,"Neogloboquadrina",12,1,398,0.388,0.013,0.183,0.016,FALSE
"22751","West et al. 2023","Jansen et al. 2000a, b","Nordic Seas","ODP151/ 907A",15.21,-0.8,"Neogloboquadrina",10,3,781,0.482,0.036,0.25,0.046,FALSE
"7468","Kaufman et al. 2013","Hanslik 2011","Arctic Ocean","LOMROG07-08PC",0.002,-0.5,"Neogloboquadrina",5,0,6.9,0.085,0.011,0.034,0.004,FALSE
"7469","Kaufman et al. 2013","Hanslik 2011","Arctic Ocean","LOMROG07-08PC",0.025,-0.5,"Neogloboquadrina",4,2,12,0.123,0.006,0.045,0.006,FALSE
"7470","Kaufman et al. 2013","Hanslik 2011","Arctic Ocean","LOMROG07-08PC",0.045,-0.5,"Neogloboquadrina",6,0,17.4,0.169,0.013,0.063,0.007,FALSE
"7471","Kaufman et al. 2013","Hanslik 2011","Arctic Ocean","LOMROG07-08PC",0.075,-0.5,"Neogloboquadrina",6,0,37,0.188,0.005,0.073,0.004,FALSE
"7307","Kaufman et al. 2013","Hanslik et al. 2010","Arctic Ocean","HLY0503-18TC",0.009,-0.7,"Neogloboquadrina",4,0,2,0.06,0.002,0.018,0.001,FALSE
"7308","Kaufman et al. 2013","Hanslik et al. 2010","Arctic Ocean","HLY0503-18TC",0.077,-0.7,"Neogloboquadrina",5,0,7.4,0.1,0.008,0.031,0.003,FALSE
"7309","Kaufman et al. 2013","Hanslik et al. 2010","Arctic Ocean","HLY0503-18TC",0.157,-0.7,"Neogloboquadrina",5,1,10.9,0.111,0.005,0.031,0.002,FALSE
"7310","Kaufman et al. 2013","Hanslik et al. 2010","Arctic Ocean","HLY0503-18TC",0.217,-0.7,"Neogloboquadrina",4,1,12.4,0.122,0.006,0.037,0.002,FALSE
"7311","Kaufman et al. 2013","Hanslik et al. 2010","Arctic Ocean","HLY0503-18TC",0.257,-0.7,"Neogloboquadrina",5,0,12.9,0.122,0.002,0.036,0.002,FALSE
"7312","Kaufman et al. 2013","Hanslik et al. 2010","Arctic Ocean","HLY0503-18TC",0.277,-0.7,"Neogloboquadrina",5,0,13,0.115,0.015,0.035,0.005,FALSE
"7313","Kaufman et al. 2013","Hanslik et al. 2010","Arctic Ocean","HLY0503-18TC",0.297,-0.7,"Neogloboquadrina",4,1,27.4,0.168,0.019,0.052,0.01,FALSE
"7314","Kaufman et al. 2013","Hanslik et al. 2010","Arctic Ocean","HLY0503-18TC",0.317,-0.7,"Neogloboquadrina",3,1,31,0.185,0.012,0.06,0.002,FALSE
"7440","Kaufman et al. 2013","Hanslik et al. 2010","Arctic Ocean","HLY0503-18TC",0.177,-0.7,"Neogloboquadrina",4,1,11.6,0.133,0.007,0.038,0.003,FALSE
"7441","Kaufman et al. 2013","Hanslik et al. 2010","Arctic Ocean","HLY0503-18TC",0.112,-0.7,"Neogloboquadrina",5,1,9.1,0.122,0.005,0.035,0.002,FALSE
"6510","Kaufman et al. 2008","Kaufman et al. 2008","Arctic Ocean","HLY0503-11MC-2",0.055,-0.7,"Neogloboquadrina",5,0,31,0.225,0.039,0.106,0.025,FALSE
"6134","Kaufman et al. 2008","Kaufman et al. 2008","Arctic Ocean","HLY0503-8JPC",0.005,-0.5,"Neogloboquadrina",4,1,4,0.08,0.005,0.035,0.001,FALSE
"6135","Kaufman et al. 2008","Kaufman et al. 2008","Arctic Ocean","HLY0503-8JPC",0.245,-0.5,"Neogloboquadrina",3,1,10.9,0.11,0.003,0.039,0.001,FALSE
"6140","Kaufman et al. 2008","Kaufman et al. 2008","Arctic Ocean","HLY0503-8JPC",0.145,-0.5,"Neogloboquadrina",2,1,9.6,0.107,0.002,0.045,0.005,FALSE
"6141","Kaufman et al. 2008","Kaufman et al. 2008","Arctic Ocean","HLY0503-8JPC",0.075,-0.5,"Neogloboquadrina",4,0,10.2,0.096,0.008,0.034,0.005,FALSE
"8187","Kaufman et al. 2013","Hodell et al. 2008","North Atlantic","U1308A",35.22,2.5,"Neogloboquadrina",12,12,539,0.479,0.061,0.236,0.042,FALSE
"8199","Kaufman et al. 2013","Hodell et al. 2008","North Atlantic","U1308A",48.82,2.5,"Neogloboquadrina",21,8,748,0.631,0.039,0.387,0.043,FALSE
"8167, 8697","Kaufman et al. 2013","Hodell et al. 2008","North Atlantic","U1308A",79.67,2.5,"Neogloboquadrina",14,27,1123,0.597,0.045,0.348,0.053,FALSE
"8168","Kaufman et al. 2013","Hodell et al. 2008","North Atlantic","U1308B",103.77,2.5,"Neogloboquadrina",12,19,1416,0.568,0.077,0.317,0.07,FALSE
"8189","Kaufman et al. 2013","Hodell et al. 2008","North Atlantic","U1308B",86.15,2.5,"Neogloboquadrina",14,9,1201,0.547,0.054,0.27,0.048,FALSE
"8169","Kaufman et al. 2013","Hodell et al. 2008","North Atlantic","U1308C",22.29,2.5,"Neogloboquadrina",13,5,349,0.518,0.03,0.281,0.033,FALSE
"8190","Kaufman et al. 2013","Hodell et al. 2008","North Atlantic","U1308C",56.85,2.5,"Neogloboquadrina",14,5,874,0.509,0.035,0.257,0.042,FALSE
"8191","Kaufman et al. 2013","Hodell et al. 2008","North Atlantic","U1308C",1.24,2.5,"Neogloboquadrina",9,2,18.9,0.222,0.005,0.078,0.004,FALSE
"8194","Kaufman et al. 2013","Hodell et al. 2008","North Atlantic","U1308C",40.42,2.5,"Neogloboquadrina",11,1,632,0.571,0.058,0.324,0.065,FALSE
"8195","Kaufman et al. 2013","Hodell et al. 2008","North Atlantic","U1308C",51.76,2.5,"Neogloboquadrina",9,1,799,0.581,0.027,0.351,0.037,FALSE
"8166","Kaufman et al. 2013","Hodell et al. 2008","North Atlantic","U1308E",15.82,2.5,"Neogloboquadrina",10,7,250,0.443,0.052,0.216,0.04,FALSE
"8186","Kaufman et al. 2013","Hodell et al. 2008","North Atlantic","U1308E",27.4,2.5,"Neogloboquadrina",15,11,431,0.417,0.022,0.203,0.02,FALSE
"8188","Kaufman et al. 2013","Hodell et al. 2008","North Atlantic","U1308E",6.04,2.5,"Neogloboquadrina",9,1,89,0.306,0.031,0.115,0.018,FALSE
"8192","Kaufman et al. 2013","Hodell et al. 2008","North Atlantic","U1308E",7.34,2.5,"Neogloboquadrina",9,2,108,0.303,0.03,0.107,0.02,FALSE
"8193","Kaufman et al. 2013","Hodell et al. 2008","North Atlantic","U1308E",3.18,2.5,"Neogloboquadrina",8,4,44,0.265,0.008,0.096,0.008,FALSE
"8196","Kaufman et al. 2013","Hodell et al. 2008","North Atlantic","U1308E",9.34,2.5,"Neogloboquadrina",10,0,140,0.391,0.022,0.171,0.018,FALSE
"8197","Kaufman et al. 2013","Hodell et al. 2008","North Atlantic","U1308F",71.33,2.5,"Neogloboquadrina",8,3,1046,0.537,0.068,0.316,0.072,FALSE
"5921","Kaufman et al. 2008","Poore et al. 1994","Arctic Ocean","88AR-P5",0.001,-0.25,"Neogloboquadrina",5,0,5.5,0.098,0.01,0.05,0.012,FALSE
"21671, 21689","Smith 2022","Risebrobakken et al. 2005","Nordic Seas","MD95-2010",2.61,-0.5,"Neogloboquadrina",6,9,19,0.15,0.016,0.048,0.009,FALSE
"21672, 21690","Smith 2022","Risebrobakken et al. 2005","Nordic Seas","MD95-2010",4.405,-0.5,"Neogloboquadrina",6,8,23,0.16,0.017,0.056,0.01,FALSE
"21673, 21691","Smith 2022","Risebrobakken et al. 2005","Nordic Seas","MD95-2010",5.51,-0.5,"Neogloboquadrina",10,7,26,0.184,0.011,0.068,0.014,FALSE
"21674, 21692","Smith 2022","Risebrobakken et al. 2005","Nordic Seas","MD95-2010",12.495,-0.5,"Neogloboquadrina",9,7,120,0.307,0.023,0.119,0.014,FALSE
"21668, 21694","Smith 2022","Risebrobakken et al. 2011","Nordic Seas","MD95-2011",2.75,-0.25,"Neogloboquadrina",8,5,3.8,0.079,0.015,0.026,0.005,FALSE
"21669, 21695","Smith 2022","Risebrobakken et al. 2011","Nordic Seas","MD95-2011",3.965,-0.25,"Neogloboquadrina",5,7,6,0.073,0.016,0.02,0.002,FALSE
"21670, 21701","Smith 2022","Risebrobakken et al. 2011","Nordic Seas","MD95-2011",5.595,-0.25,"Neogloboquadrina",7,6,9.2,0.096,0.015,0.035,0.009,FALSE
"0561uH","Wheeler et al. 2021","Brendryen et al. 2010","Nordic Seas","MD99-2289",18.5,-0.75,"Neogloboquadrina",2,0,118,0.252,0.005,0.09,0.009,TRUE
"0562uH","Wheeler et al. 2021","Becker et al. 2018","Nordic Seas","MD99-2289",2.6,-0.75,"Neogloboquadrina",3,0,18.2,0.13,0.005,0.041,0.009,TRUE
"0563uH","Wheeler et al. 2021","Brendryen et al. 2010","Nordic Seas","MD99-2289",15,-0.75,"Neogloboquadrina",3,0,59,0.189,0.006,0.066,0.005,TRUE
"0576uH","Wheeler et al. 2021","Becker et al. 2018","Nordic Seas","MD99-2289",8,-0.75,"Neogloboquadrina",2,0,22,0.166,0.004,0.044,0,TRUE
"0577uH","Wheeler et al. 2021","Becker et al. 2018","Nordic Seas","MD99-2289",13,-0.75,"Neogloboquadrina",2,0,38,0.175,0.002,0.058,0.001,TRUE
"0578uH","Wheeler et al. 2021","Becker et al. 2018","Nordic Seas","MD99-2289",5.5,-0.75,"Neogloboquadrina",2,0,20,0.145,0.001,0.053,0.001,TRUE
"0585uH","Wheeler et al. 2021","Becker et al. 2018","Nordic Seas","MD99-2289",1.2,-0.75,"Neogloboquadrina",2,0,13.5,0.113,0.004,0.041,0.003,TRUE
"0586uH","Wheeler et al. 2021","Becker et al. 2018","Nordic Seas","MD99-2289",1.7,-0.75,"Neogloboquadrina",2,0,16.2,0.125,0.002,0.043,0,TRUE
"0587uH","Wheeler et al. 2021","Becker et al. 2018","Nordic Seas","MD99-2289",2,-0.75,"Neogloboquadrina",2,0,17.3,0.135,0,0.041,0.001,TRUE
"0588uH","Wheeler et al. 2021","Becker et al. 2018","Nordic Seas","MD99-2289",2.3,-0.75,"Neogloboquadrina",2,0,17.7,0.137,0.001,0.048,0.002,TRUE
"0589uH","Wheeler et al. 2021","Becker et al. 2018","Nordic Seas","MD99-2289",2.8,-0.75,"Neogloboquadrina",3,0,18.3,0.151,0,0.052,0.002,TRUE
"0590uH","Wheeler et al. 2021","Becker et al. 2018","Nordic Seas","MD99-2289",3,-0.75,"Neogloboquadrina",2,0,18.5,0.133,0.003,0.042,0,TRUE
"0627uH","Wheeler et al. 2021","Becker et al. 2018","Nordic Seas","MD99-2289",1.1,-0.75,"Neogloboquadrina",2,0,13.2,0.129,0.007,0.056,0.003,TRUE
"0629uH","Wheeler et al. 2021","Becker et al. 2018","Nordic Seas","MD99-2289",1.4,-0.75,"Neogloboquadrina",2,0,14.2,0.125,0.001,0.053,0.001,TRUE
"0630uH","Wheeler et al. 2021","Becker et al. 2018","Nordic Seas","MD99-2289",1.8,-0.75,"Neogloboquadrina",2,0,16.7,0.126,0.003,0.055,0.001,TRUE
"0631uH","Wheeler et al. 2021","Becker et al. 2018","Nordic Seas","MD99-2289",1.9,-0.75,"Neogloboquadrina",2,0,17.1,0.123,0.003,0.049,0,TRUE
"0632uH","Wheeler et al. 2021","Becker et al. 2018","Nordic Seas","MD99-2289",2.1,-0.75,"Neogloboquadrina",2,0,17.4,0.126,0.001,0.058,0.002,TRUE
"0633uH","Wheeler et al. 2021","Becker et al. 2018","Nordic Seas","MD99-2289",2.2,-0.75,"Neogloboquadrina",2,0,17.6,0.141,0.005,0.05,0.001,TRUE
"0634uH","Wheeler et al. 2021","Becker et al. 2018","Nordic Seas","MD99-2289",2.4,-0.75,"Neogloboquadrina",2,0,17.9,0.128,0.001,0.051,0,TRUE
"0635uH","Wheeler et al. 2021","Becker et al. 2018","Nordic Seas","MD99-2289",2.71,-0.75,"Neogloboquadrina",2,0,18.3,0.141,0,0.047,0,TRUE
"0636uH","Wheeler et al. 2021","Becker et al. 2018","Nordic Seas","MD99-2289",2.9,-0.75,"Neogloboquadrina",2,0,18.4,0.121,0.004,0.034,0,TRUE
"0637uH","Wheeler et al. 2021","Becker et al. 2018","Nordic Seas","MD99-2289",7.5,-0.75,"Neogloboquadrina",2,0,21.5,0.167,0.007,0.059,0.002,TRUE
"0638uH","Wheeler et al. 2021","Becker et al. 2018","Nordic Seas","MD99-2289",9,-0.75,"Neogloboquadrina",2,0,23.7,0.144,0.004,0.047,0,TRUE
"0639uH","Wheeler et al. 2021","Becker et al. 2018","Nordic Seas","MD99-2289",9.5,-0.75,"Neogloboquadrina",2,0,24.5,0.151,0.005,0.051,0.002,TRUE
"0640uH","Wheeler et al. 2021","Becker et al. 2018","Nordic Seas","MD99-2289",10.5,-0.75,"Neogloboquadrina",2,1,27,0.175,0.013,0.072,0,TRUE
"0641uH","Wheeler et al. 2021","Becker et al. 2018","Nordic Seas","MD99-2289",11,-0.75,"Neogloboquadrina",2,0,27.7,0.16,0.004,0.059,0,TRUE
"0642uH","Wheeler et al. 2021","Becker et al. 2018","Nordic Seas","MD99-2289",12,-0.75,"Neogloboquadrina",2,0,28.7,0.145,0.001,0.05,0.002,TRUE
"0643uH","Wheeler et al. 2021","Becker et al. 2018","Nordic Seas","MD99-2289",12.5,-0.75,"Neogloboquadrina",2,0,32,0.178,0.001,0.065,0.004,TRUE
"0902uH*","Wheeler et al. 2021","Brendryen et al. 2010","Nordic Seas","MD99-2289",14,-0.75,"Neogloboquadrina",2,0,50,0.226,0.001,0.085,0,TRUE
"0912uH*","Wheeler et al. 2021","Brendryen et al. 2010","Nordic Seas","MD99-2289",17.5,-0.75,"Neogloboquadrina",2,0,100,0.271,0,0.115,0,TRUE
"0984uH*","Wheeler et al. 2021","Becker et al. 2018","Nordic Seas","MD99-2289",1.31,-0.75,"Neogloboquadrina",2,0,13.8,0.136,0.002,0.047,0.001,TRUE
"1076uH","Wheeler et al. 2021","Brendryen et al. 2010","Nordic Seas","MD99-2289",13.5,-0.75,"Neogloboquadrina",2,0,44,0.181,0.002,0.068,0.002,TRUE
"23481","Hunt 2023","Rickaby et al. 2010; Mackensen et al. 1994","Southern Ocean","PS1506-1",3.49,-0.7,"Neogloboquadrina",8,2,237,0.358,0.027,0.167,0.02,FALSE
"23482","Hunt 2023","Rickaby et al. 2010; Mackensen et al. 1994","Southern Ocean","PS1506-1",6.24,-0.7,"Neogloboquadrina",8,2,671,0.445,0.043,0.236,0.002,FALSE
"23483","Hunt 2023","Rickaby et al. 2010; Mackensen et al. 1994","Southern Ocean","PS1506-1",5.25,-0.7,"Neogloboquadrina",9,1,521,0.473,0.035,0.266,0.05,FALSE
"23484","Hunt 2023","Rickaby et al. 2010; Mackensen et al. 1994","Southern Ocean","PS1506-1",5.1,-0.7,"Neogloboquadrina",8,2,489,0.48,0.011,0.283,0.015,FALSE
"23485","Hunt 2023","Rickaby et al. 2010; Mackensen et al. 1994","Southern Ocean","PS1506-1",6.33,-0.7,"Neogloboquadrina",10,0,679,0.517,0.018,0.318,0.02,FALSE
"23500","Hunt 2023","Rickaby et al. 2010; Mackensen et al. 1994","Southern Ocean","PS1506-1",1.65,-0.7,"Neogloboquadrina",5,5,105,0.249,0.007,0.101,0.005,FALSE
"23501","Hunt 2023","Rickaby et al. 2010; Mackensen et al. 1994","Southern Ocean","PS1506-1",3.8,-0.7,"Neogloboquadrina",7,3,298,0.38,0.037,0.184,0.035,FALSE
"23502","Hunt 2023","Rickaby et al. 2010; Mackensen et al. 1994","Southern Ocean","PS1506-1",5.4,-0.7,"Neogloboquadrina",7,3,558,0.474,0.018,0.269,0.023,FALSE
"23563","Hunt 2023","Rickaby et al. 2010; Mackensen et al. 1994","Southern Ocean","PS1506-1",1.74,-0.7,"Neogloboquadrina",9,1,110,0.269,0.012,0.108,0.009,FALSE
"23564","Hunt 2023","Rickaby et al. 2010; Mackensen et al. 1994","Southern Ocean","PS1506-1",5.51,-0.7,"Neogloboquadrina",7,2,585,0.438,0.043,0.255,0.035,FALSE
"23566","Hunt 2023","Rickaby et al. 2010; Mackensen et al. 1994","Southern Ocean","PS1506-1",1.59,-0.7,"Neogloboquadrina",6,4,102,0.24,0.013,0.091,0.014,FALSE
"23591","Hunt 2023","Rickaby et al. 2010; Mackensen et al. 1994","Southern Ocean","PS1506-1",1.43,-0.7,"Neogloboquadrina",6,4,93,0.219,0.005,0.082,0.005,FALSE
"23562, 23593","Hunt 2023","Rickaby et al. 2010; Mackensen et al. 1994","Southern Ocean","PS1506-1",1.51,-0.7,"Neogloboquadrina",11,8,98,0.224,0.009,0.084,0.009,FALSE
"15546","West et al., 2019","Wiers et al. 2019","Arctic Ocean","PS92/39-2",1.5,-0.76,"Neogloboquadrina",4,3,31,0.234,0.018,0.082,0.01,FALSE
"15547","West et al., 2019","Wiers et al. 2019","Arctic Ocean","PS92/39-2",3,-0.76,"Neogloboquadrina",8,0,64,0.258,0.025,0.103,0.021,FALSE
"15548","West et al., 2019","Wiers et al. 2019","Arctic Ocean","PS92/39-2",3.8,-0.76,"Neogloboquadrina",8,2,80,0.233,0.016,0.095,0.015,FALSE
"15549","West et al., 2019","Wiers et al. 2019","Arctic Ocean","PS92/39-2",5.81,-0.76,"Neogloboquadrina",4,5,126,0.272,0.063,0.11,0.035,FALSE
"15550","West et al., 2019","Wiers et al. 2019","Arctic Ocean","PS92/39-2",6.51,-0.76,"Neogloboquadrina",8,1,139,0.313,0.014,0.153,0.015,FALSE
"15551","West et al., 2019","Wiers et al. 2019","Arctic Ocean","PS92/39-2",7.21,-0.76,"Neogloboquadrina",4,6,151,0.298,0.016,0.118,0.016,FALSE
"15552","West et al., 2019","Wiers et al. 2019","Arctic Ocean","PS92/39-2",8.31,-0.76,"Neogloboquadrina",5,5,168,0.283,0.021,0.111,0.015,FALSE
"15553","West et al., 2019","Wiers et al. 2019","Arctic Ocean","PS92/39-2",8.41,-0.76,"Neogloboquadrina",6,4,170,0.329,0.017,0.169,0.013,FALSE
"16814","West et al., 2019","Wiers et al. 2019","Arctic Ocean","PS92/45-2",1.2,-0.25,"Neogloboquadrina",6,3,29.8,0.19,0.012,0.085,0.009,FALSE
"16815","West et al., 2019","Wiers et al. 2019","Arctic Ocean","PS92/45-2",1.59,-0.25,"Neogloboquadrina",11,0,40,0.195,0.008,0.084,0.007,FALSE
"16817","West et al., 2019","Wiers et al. 2019","Arctic Ocean","PS92/45-2",3.12,-0.25,"Neogloboquadrina",4,4,90,0.269,0.019,0.124,0.027,FALSE
"16818","West et al., 2019","Wiers et al. 2019","Arctic Ocean","PS92/45-2",4.13,-0.25,"Neogloboquadrina",4,3,148,0.345,0.014,0.176,0.017,FALSE
"16819","West et al., 2019","Wiers et al. 2019","Arctic Ocean","PS92/45-2",4.73,-0.25,"Neogloboquadrina",4,2,195,0.362,0.023,0.189,0.016,FALSE
"17531","West et al., 2019","Wiers et al. 2019","Arctic Ocean","PS92/45-2",4.45,-0.25,"Neogloboquadrina",11,0,172,0.351,0.027,0.186,0.029,FALSE
"16822","West et al., 2019","Wiers et al. 2019","Arctic Ocean","PS92/54-1",1.79,-0.43,"Neogloboquadrina",6,1,40,0.166,0.011,0.07,0.009,FALSE
"16826","West et al., 2019","Wiers et al. 2019","Arctic Ocean","PS92/54-1",4.66,-0.43,"Neogloboquadrina",8,7,132,0.395,0.01,0.224,0.01,FALSE
"16827","West et al., 2019","Wiers et al. 2019","Arctic Ocean","PS92/54-1",4.94,-0.43,"Neogloboquadrina",5,1,136,0.358,0.035,0.175,0.04,FALSE
"16828","West et al., 2019","Wiers et al. 2019","Arctic Ocean","PS92/54-1",5.1,-0.43,"Neogloboquadrina",3,1,138,0.345,0.018,0.186,0.02,FALSE
